INSERT INTO MARCA(id,nome) VALUES(1,'Chevrolet');
INSERT INTO MARCA(id,nome) VALUES(2,'Nissan');
INSERT INTO MARCA(id,nome) VALUES(3,'Subaru');
INSERT INTO MARCA(id,nome) VALUES(4,'Fiat');
INSERT INTO MARCA(id,nome) VALUES(5,'Volkswagen');
INSERT INTO MARCA(id,nome) VALUES(6,'Toyota');
INSERT INTO MARCA(id,nome) VALUES(7,'Honda');
INSERT INTO MARCA(id,nome) VALUES(8,'Renault');

INSERT INTO MODELO(id,marca_id,nome) VALUES(1,1,'Onix');
INSERT INTO MODELO(id,marca_id,nome) VALUES(2,1,'Meriva');
INSERT INTO MODELO(id,marca_id,nome) VALUES(3,1,'Equinox');
INSERT INTO MODELO(id,marca_id,nome) VALUES(4,1,'Tracker');
INSERT INTO MODELO(id,marca_id,nome) VALUES(5,1,'Montana');
INSERT INTO MODELO(id,marca_id,nome) VALUES(6,2,'Versa');
INSERT INTO MODELO(id,marca_id,nome) VALUES(7,2,'Kicks');
INSERT INTO MODELO(id,marca_id,nome) VALUES(8,2,'Livina');
INSERT INTO MODELO(id,marca_id,nome) VALUES(9,2,'Frontier');
INSERT INTO MODELO(id,marca_id,nome) VALUES(10,3,'Imprenza');
INSERT INTO MODELO(id,marca_id,nome) VALUES(11,3,'Forester');
INSERT INTO MODELO(id,marca_id,nome) VALUES(12,3,'Outback');
INSERT INTO MODELO(id,marca_id,nome) VALUES(13,4,'Argo');
INSERT INTO MODELO(id,marca_id,nome) VALUES(14,4,'Crono');
INSERT INTO MODELO(id,marca_id,nome) VALUES(15,4,'500');
INSERT INTO MODELO(id,marca_id,nome) VALUES(16,4,'Uno');
INSERT INTO MODELO(id,marca_id,nome) VALUES(17,4,'Toro');
INSERT INTO MODELO(id,marca_id,nome) VALUES(18,5,'Fox');
INSERT INTO MODELO(id,marca_id,nome) VALUES(19,5,'Polo');
INSERT INTO MODELO(id,marca_id,nome) VALUES(20,5,'Gol');
INSERT INTO MODELO(id,marca_id,nome) VALUES(21,5,'Virtus');
INSERT INTO MODELO(id,marca_id,nome) VALUES(22,5,'Golf');
INSERT INTO MODELO(id,marca_id,nome) VALUES(23,5,'Voyage');
INSERT INTO MODELO(id,marca_id,nome) VALUES(24,6,'Prius');
INSERT INTO MODELO(id,marca_id,nome) VALUES(25,6,'Corolla');
INSERT INTO MODELO(id,marca_id,nome) VALUES(26,6,'Etios');
INSERT INTO MODELO(id,marca_id,nome) VALUES(27,7,'Civic');
INSERT INTO MODELO(id,marca_id,nome) VALUES(28,7,'City');
INSERT INTO MODELO(id,marca_id,nome) VALUES(29,7,'Prelude');
INSERT INTO MODELO(id,marca_id,nome) VALUES(30,8,'Megane');
INSERT INTO MODELO(id,marca_id,nome) VALUES(31,8,'Sandero');
INSERT INTO MODELO(id,marca_id,nome) VALUES(32,8,'Clio');

INSERT INTO VEICULO(id,nome,modelo_id,ano_fabricacao,consumo_cidade,consumo_rodovia) VALUES(1,'JZN-7955',22,2019,11.9,14.3);
INSERT INTO VEICULO(id,nome,modelo_id,ano_fabricacao,consumo_cidade,consumo_rodovia) VALUES(2,'NAA-3389',28,2017,12.3,14.5);
INSERT INTO VEICULO(id,nome,modelo_id,ano_fabricacao,consumo_cidade,consumo_rodovia) VALUES(3,'AJJ-0608',20,2018,8.8,12.9);
INSERT INTO VEICULO(id,nome,modelo_id,ano_fabricacao,consumo_cidade,consumo_rodovia) VALUES(4,'KGY-5274',25,2018,7.8,11.4);
INSERT INTO VEICULO(id,nome,modelo_id,ano_fabricacao,consumo_cidade,consumo_rodovia) VALUES(5,'MUC-8073',5,2016,10.5,12.5);
INSERT INTO VEICULO(id,nome,modelo_id,ano_fabricacao,consumo_cidade,consumo_rodovia) VALUES(6,'COO-6101',13,2020,14.2,15.1);
INSERT INTO VEICULO(id,nome,modelo_id,ano_fabricacao,consumo_cidade,consumo_rodovia) VALUES(7,'NEX-4233',30,2011,8.6,11.3);